<Settings>
  <Setting>
    <Name>GroupName</Name>
    <Type>String</Type>
    <Help>The groupname of the banner. Multiple banners in the same group can be displayed together or alternate between eachother</Help>
    <Value></Value>
  </Setting>
  <Setting>
    <Name>BannerTypeId</Name>
    <Type>String</Type>
    <Help>Defines the type of the banner. 1 = Banner, 2 = MicroButton, 3 = Button, 4 = Block, 5 = Skyscraper, 6 = Text 7 = Script</Help>
    <Value>1,2,3,4,5,6,7</Value>
  </Setting>
  <Setting>
    <Name>BannerCount</Name>
    <Type>String</Type>
    <Help>The number of banners to display all at once</Help>
    <Value></Value>
  </Setting>
  <Setting>
    <Name>Width</Name>
    <Type>String</Type>
    <Help>The width of the banners</Help>
    <Value></Value>
  </Setting>
  <Setting>
    <Name>Orientation</Name>
    <Type>String</Type>
    <Help>Defines wether to display the banners Horizontally or Vertically</Help>
    <Value>H,V</Value>
  </Setting>
  <Setting>
    <Name>BorderWidth</Name>
    <Type>String</Type>
    <Help>The width of the border</Help>
    <Value></Value>
  </Setting>
</Settings>
