<Objects>
	<Object>
		<Token>[ACTIONBUTTON:1]</Token>
		<Settings>
			<Setting>
				<Name>CommandName</Name>
				<Value>AddContent.Action</Value>
			</Setting>
			<Setting>
				<Name>DisplayIcon</Name>
				<Value>True</Value>
			</Setting>
			<Setting>
				<Name>DisplayLink</Name>
				<Value>True</Value>
			</Setting>
		</Settings>
	</Object>
	<Object>
		<Token>[ACTIONBUTTON:2]</Token>
		<Settings>
			<Setting>
				<Name>CommandName</Name>
				<Value>SyndicateModule.Action</Value>
			</Setting>
			<Setting>
				<Name>DisplayIcon</Name>
				<Value>True</Value>
			</Setting>
			<Setting>
				<Name>DisplayLink</Name>
				<Value>False</Value>
			</Setting>
		</Settings>
	</Object>
	<Object>
		<Token>[ACTIONBUTTON:3]</Token>
		<Settings>
			<Setting>
				<Name>CommandName</Name>
				<Value>PrintModule.Action</Value>
			</Setting>
			<Setting>
				<Name>DisplayIcon</Name>
				<Value>True</Value>
			</Setting>
			<Setting>
				<Name>DisplayLink</Name>
				<Value>False</Value>
			</Setting>
		</Settings>
	</Object>
	<Object>
		<Token>[ACTIONBUTTON:4]</Token>
		<Settings>
			<Setting>
				<Name>CommandName</Name>
				<Value>ModuleSettings.Action</Value>
			</Setting>
			<Setting>
				<Name>DisplayIcon</Name>
				<Value>True</Value>
			</Setting>
			<Setting>
				<Name>DisplayLink</Name>
				<Value>False</Value>
			</Setting>
		</Settings>
	</Object>
	<Object>
		<Token>[ACTIONBUTTON:5]</Token>
		<Settings>
			<Setting>
				<Name>CommandName</Name>
				<Value>ModuleHelp.Action</Value>
			</Setting>
			<Setting>
				<Name>DisplayIcon</Name>
				<Value>True</Value>
			</Setting>
			<Setting>
				<Name>DisplayLink</Name>
				<Value>False</Value>
			</Setting>
		</Settings>
	</Object>
	<Object>
		<Token>[ACTIONS]</Token>
		<Settings>
			<Setting>
				<Name>ProviderName</Name>
				<Value>DNNMenuNavigationProvider</Value>
			</Setting>
			<Setting>
				<Name>ExpandDepth</Name>
				<Value>1</Value>
			</Setting>
			<Setting>
				<Name>PopulateNodesFromClient</Name>
				<Value>True</Value>
			</Setting>
		</Settings>
	</Object>
</Objects>
