<Objects>
	<Object>
		<Token>[LANGUAGE]</Token>
		<Settings>
			<Setting>
				<Name>showMenu</Name>
				<Value>False</Value>
			</Setting>
			<Setting>
				<Name>showLinks</Name>
				<Value>True</Value>
			</Setting>
		</Settings>
	</Object>
	<Object>
		<Token>[NAV]</Token>
		<Settings>
			<Setting>
				<Name>ProviderName</Name>
				<Value>DNNMenuNavigationProvider</Value>
			</Setting>
			<Setting>
				<Name>IndicateChildren</Name>
				<Value>False</Value>
			</Setting>
			<Setting>
				<Name>ControlOrientation</Name>
				<Value>Horizontal</Value>
			</Setting>
			<Setting>
				<Name>CSSNodeRoot</Name>
				<Value>main_dnnmenu_rootitem</Value>
			</Setting>			
			<Setting>
				<Name>CSSNodeHoverRoot</Name>
				<Value>main_dnnmenu_rootitem_hover</Value>
			</Setting>
			<Setting>
				<Name>CSSNodeSelectedRoot</Name>
				<Value>main_dnnmenu_rootitem_selected</Value>
			</Setting>
			<Setting>
				<Name>CSSBreadCrumbRoot</Name>
				<Value>main_dnnmenu_rootitem_selected</Value>
			</Setting>
			<Setting>
				<Name>CSSContainerSub</Name>
				<Value>main_dnnmenu_submenu</Value>
			</Setting>
			<Setting>
				<Name>CSSNodeHoverSub</Name>
				<Value>main_dnnmenu_itemhover</Value>
			</Setting>
			<Setting>
				<Name>CSSNodeSelectedSub</Name>
				<Value>main_dnnmenu_itemselected</Value>
			</Setting>
			<Setting>
				<Name>CSSContainerRoot</Name>
				<Value>main_dnnmenu_container</Value>
			</Setting>
		
			<Setting>
				<Name>CSSControl</Name>
				<Value>main_dnnmenu_bar</Value>
			</Setting>
			<Setting>
				<Name>CSSNode</Name>
				<Value>main_dnnmenu_item</Value>
			</Setting>			
			<Setting>
				<Name>CSSBreak</Name>
				<Value>main_dnnmenu_break</Value>
			</Setting>
		</Settings>
	</Object>
	<Object>
		<Token>[SEARCH]</Token>
		<Settings>
			<Setting>
				<Name>CssClass</Name>
				<Value>ServerSkinWidget</Value>
			</Setting>
			<Setting>
				<Name>useDropDownList</Name>
				<Value>True</Value>
			</Setting>
			<Setting>
				<Name>submit</Name>
				<Value>
					<![CDATA[<img src=&quot;images/search.gif&quot; border=&quot;0&quot; alt=&quot;search_button&quot; />]]>
				</Value>
			</Setting>
		</Settings>
	</Object>
	<Object>
		<Token>[TEXT]</Token>
		<Settings>
			<Setting>
				<Name>CssClass</Name>
				<Value>breadcrumb_text</Value>
			</Setting>
			<Setting>
				<Name>Text</Name>
				<Value>You are here</Value>
			</Setting>
			<Setting>
				<Name>ResourceKey</Name>
				<Value>Breadcrumb</Value>
			</Setting>
		</Settings>
	</Object>
	<Object>
		<Token>[BREADCRUMB]</Token>
		<Settings>
			<Setting>
				<Name>CssClass</Name>
				<Value>Breadcrumb</Value>
			</Setting>
			<Setting>
				<Name>RootLevel</Name>
				<Value>0</Value>
			</Setting>
			<Setting>
				<Name>Separator</Name>
				<Value><![CDATA[&nbsp;&gt;&nbsp;]]></Value>
			</Setting>
		</Settings>
	</Object>
	<Object>
		<Token>[USER]</Token>
		<Settings>
			<Setting>
				<Name>CssClass</Name>
				<Value>user</Value>
			</Setting>
		</Settings>
	</Object>
	<Object>
		<Token>[LOGIN]</Token>
		<Settings>
			<Setting>
				<Name>CssClass</Name>
				<Value>user</Value>
			</Setting>
		</Settings>
	</Object>
	<Object>
		<Token>[LINKS]</Token>
		<Settings>
			<Setting>
				<Name>CssClass</Name>
				<Value>links</Value>
			</Setting>
			<Setting>
				<Name>Level</Name>
				<Value>Root</Value>
			</Setting>
			<Setting>
				<Name>Separator</Name>
				<Value><![CDATA[&nbsp;&nbsp;&nbsp;|&nbsp;&nbsp;&nbsp;]]></Value>
			</Setting>
		</Settings>
	</Object>
	<Object>
		<Token>[PRIVACY]</Token>
		<Settings>
			<Setting>
				<Name>CssClass</Name>
				<Value>footer</Value>
			</Setting>
		</Settings>
	</Object>
	<Object>
		<Token>[TERMS]</Token>
		<Settings>
			<Setting>
				<Name>CssClass</Name>
				<Value>footer</Value>
			</Setting>
		</Settings>
	</Object>
	<Object>
		<Token>[COPYRIGHT]</Token>
		<Settings>
			<Setting>
				<Name>CssClass</Name>
				<Value>footer</Value>
			</Setting>
		</Settings>
	</Object>
	<Object>
		<Token>[STYLES]</Token>
		<Settings>
			<Setting>
				<Name>Name</Name>
				<Value>IE6Minus</Value>
			</Setting>
			<Setting>
				<Name>StyleSheet</Name>
				<Value>ie6skin.css</Value>
			</Setting>
			<Setting>
				<Name>Condition</Name>
				<Value>LT IE 7</Value>
			</Setting>
			<Setting>
				<Name>UseSkinPath</Name>
				<Value>True</Value>
			</Setting>
		</Settings>
	</Object>
</Objects>
