<parameters>
	<parameter name="Application Path" description="Full site path where you would like to install your application (i.e., Default Web Site/dotnetnuke)" defaultValue="Default Web Site/dotnetnuke" tags="iisapp">
		<parameterEntry type="ProviderPath" scope="iisapp" match="DotNetNuke" />
	</parameter>
	<parameter name="Database Server" description="Location of your database server (i.e., localhost, server name or IP address)." defaultValue=".\SQLExpress" tags="SQL"></parameter>
	<parameter name="Database Name" description="Name of the database for your application." defaultValue="DotNetNuke" tags="SQL">
		<parameterEntry type="TextFilePosition" scope="installSQL.sql" match="13;16;16" />
	</parameter>
	<parameter name="Database Username" description="Username to access your application database." defaultValue="dnnuser" tags="SQL">
		<parameterEntry type="TextFilePosition" scope="installSQL.sql" match="14;16;18" />
	</parameter>
	<parameter name="Database Password" description="Password for the database username." tags="New, Password, SQL">
		<parameterEntry type="TextFilePosition" scope="installSQL.sql" match="15;15;22" />
	</parameter>
	<parameter name="Database Administrator" description="Administrator username for your database." defaultValue="sa" tags="SQL"></parameter>
	<parameter name="Database Administrator Password" description="Password for the database administrator account." tags="Password, SQL"></parameter>
	<parameter name="Connection String For Config" description="Automatically sets the connection string for the web.config." defaultValue="Data Source={Database Server};Database={Database Name};uid={Database Username};Pwd={Database Password};" tags="Hidden">
		<parameterEntry type="XmlFile" scope="\\web.config$" match="//connectionStrings/add/@connectionString" />
	</parameter>
	<parameter name="Connection String" description="Automatically sets the connection string for the connection request." defaultValue="Data Source={Database Server};Database={Database Name};uid={Database Administrator};Pwd={Database Administrator Password};" tags="Hidden">
		<parameterEntry type="ProviderPath" scope="dbfullsql" match="installSQL.sql" />
	</parameter>
	<parameter name="SetAclParameter1" description="Automatically sets write access for the application" defaultValue="{Application Path}" tags="Hidden">
		<parameterEntry type="ProviderPath" scope="setAcl" match="DotNetNuke" />
	</parameter>
</parameters>